{
    "epoch": 3.0,
    "total_flos": 1.1718887051354112e+16,
    "train_loss": 1.4495944380760193,
    "train_runtime": 846.9234,
    "train_samples_per_second": 1.771,
    "train_steps_per_second": 0.113
}